<?xml version="1.0" encoding="UTF-8"?>

<channel name="pointers" version="1.0">
  <property name="SynPS2_Synaptics_TouchPad" type="empty">
    <property name="RightHanded" type="bool" value="true"/>
    <property name="ReverseScrolling" type="bool" value="true"/>
    <property name="Threshold" type="int" value="1"/>
    <property name="Acceleration" type="double" value="5.000000"/>
    <property name="Properties" type="empty">
      <property name="libinput_Tapping_Enabled" type="int" value="1"/>
    </property>
  </property>
</channel>
